iteration,startTime,endTime,elapsedTime,delay
1,167.194491264,167.290066702,0.09557543799999735,0
2,167.989370358,168.179482934,0.19011257599998999,0.699304
