iteration,startTime,endTime,elapsedTime,delay
1,410.932219574,411.028503108,0.09628353400000833,0
10,411.315679074,412.266060993,0.9503819189999945,.287175966
100,412.554538194,421.995228619,9.440690425000014,.288477201
