iteration,startTime,endTime,elapsedTime
1,307.872798647,307.969660319,0.09686167199998863
10,308.277412753,309.25205153,0.9746387769999956
100,309.541559988,319.051422496,9.50986250799997
