dimension,iterations,trip_Loops,sleep_Duration,current_trip_loops_index,execution_time,network_delay,total_time_spent,Init_duration
100,70,5,0,1,6.725110183,0.877206817,36.462501,0.08167
100,70,5,0,2,6.633874802999969,0.363375297,36.462501,
100,70,5,0,3,6.647152657999982,0.284270342,36.462501,
100,70,5,0,4,6.795894835000013,0.702805165,36.462501,
100,70,5,0,5,6.687619793,0.472014207,36.462501,