dimension,iterations,trip_Loops,sleep_Duration,current_trip_loops_index,execution_time,network_delay,total_time_spent,Init_duration
100,70,5,10,1,6.62737067,0.52503333,75.464266,0.08203
100,70,5,10,2,6.631763925,0.327811675,75.464266,
100,70,5,10,3,6.645594378,0.344893622,75.464266,
100,70,5,10,4,6.640250483,0.271232517,75.464266,
100,70,5,10,5,6.631775512,0.347229488,75.464266,