dimension,iterations,trip_Loops,sleep_Duration,current_trip_loops_index,execution_time,network_delay,total_time_spent,Init_duration
90,60,5,5,1,4.137058747,0.534568253,42.9900159,0.08818
90,60,5,5,2,4.134901346,0.355343654,42.9900159,
90,60,5,5,3,4.135395741,0.311976459,42.9900159,
90,60,5,5,4,4.143685545,0.417142355,42.9900159,
90,60,5,5,5,4.127629993,0.316757007,42.9900159,