dimension,iterations,trip_Loops,sleep_Duration,current_trip_loops_index,execution_time,network_delay,total_time_spent,Init_duration
90,70,5,5,1,4.836949257,0.496839743,46.3600559,0.08125
90,70,5,5,2,4.838028533,0.263928467,46.3600559,
90,70,5,5,3,4.967872795,0.261626205,46.3600559,
90,70,5,5,4,4.862739851,0.307637249,46.3600559,
90,70,5,5,5,4.853281351,0.289798849,46.3600559,